Timestamp, hpm 2.5, hpm 10, time
1534267807,26,28,08-14 12:30
1534268407,24,25,08-14 12:40
1534269007,23,24,08-14 12:50
1534269607,25,27,08-14 13:00
1534270207,36,38,08-14 13:10
1534270807,33,35,08-14 13:20
1534271407,32,34,08-14 13:30
1534272007,31,33,08-14 13:40
1534272607,32,34,08-14 13:50
1534273207,31,33,08-14 14:00
1534273807,31,33,08-14 14:10
1534274407,30,32,08-14 14:20
1534275007,34,36,08-14 14:30
1534275607,33,35,08-14 14:40
1534276207,34,36,08-14 14:50
1534276807,38,40,08-14 15:00
1534277407,37,39,08-14 15:10
1534278607,38,40,08-14 15:30
1534279207,36,38,08-14 15:40
1534279807,36,38,08-14 15:50
1534280407,36,38,08-14 16:00
1534281007,36,38,08-14 16:10
1534281607,34,36,08-14 16:20
1534282207,36,38,08-14 16:30
1534282807,35,37,08-14 16:40
1534283407,34,36,08-14 16:50
1534284007,32,34,08-14 17:00
1534284607,31,33,08-14 17:10
1534285207,32,34,08-14 17:20
1534285807,32,34,08-14 17:30
1534286407,32,34,08-14 17:40
1534287007,34,36,08-14 17:50
1534287607,31,33,08-14 18:00
1534288807,38,40,08-14 18:20
1534289407,32,34,08-14 18:30
1534290007,36,38,08-14 18:40
1534290607,34,36,08-14 18:50
1534291207,34,36,08-14 19:00
1534291807,34,36,08-14 19:10
1534292407,35,37,08-14 19:20
1534293007,37,39,08-14 19:30
1534293607,34,36,08-14 19:40
1534294207,35,37,08-14 19:50
1534294807,44,46,08-14 20:00
1534295407,37,39,08-14 20:10
1534296007,42,44,08-14 20:20
1534296607,36,38,08-14 20:30
1534297207,36,38,08-14 20:40
1534297807,39,41,08-14 20:50
1534298407,38,40,08-14 21:00
1534299007,35,37,08-14 21:10
1534299607,38,40,08-14 21:20
1534300207,36,38,08-14 21:30
1534300807,41,43,08-14 21:40
1534301407,39,41,08-14 21:50
1534302007,40,42,08-14 22:00
1534302607,41,43,08-14 22:10
1534303207,36,38,08-14 22:20
1534303807,40,42,08-14 22:30
1534304407,40,42,08-14 22:40
1534305007,41,43,08-14 22:50
1534305607,41,43,08-14 23:00
1534306807,41,43,08-14 23:20
1534307407,42,44,08-14 23:30
1534308007,36,38,08-14 23:40
1534308607,38,40,08-14 23:50
1534309207,37,39,08-15 00:00
1534309807,38,40,08-15 00:10
1534310407,40,42,08-15 00:20
1534311007,38,40,08-15 00:30
1534311607,37,39,08-15 00:40
1534312207,39,41,08-15 00:50
1534312807,35,37,08-15 01:00
1534313407,33,35,08-15 01:10
1534314007,41,43,08-15 01:20
1534314607,36,38,08-15 01:30
1534315207,37,39,08-15 01:40
1534316407,37,39,08-15 02:00
1534317007,40,42,08-15 02:10
1534317607,32,34,08-15 02:20
1534318207,34,36,08-15 02:30
1534318807,32,34,08-15 02:40
1534319407,33,35,08-15 02:50
1534320007,32,34,08-15 03:00
1534320607,33,35,08-15 03:10
1534321207,33,35,08-15 03:20
1534322407,29,31,08-15 03:40
1534323007,29,31,08-15 03:50
1534323607,29,31,08-15 04:00
1534324207,31,33,08-15 04:10
1534324807,32,34,08-15 04:20
1534325407,30,32,08-15 04:30
1534326007,28,30,08-15 04:40
1534326607,26,28,08-15 04:50
1534327807,28,30,08-15 05:10
1534328407,29,31,08-15 05:20
1534329007,27,29,08-15 05:30
1534329607,28,30,08-15 05:40
1534330207,25,27,08-15 05:50
1534330807,28,30,08-15 06:00
1534331407,27,29,08-15 06:10
1534332007,29,31,08-15 06:20
1534332607,27,29,08-15 06:30
1534333207,29,31,08-15 06:40
1534333807,28,30,08-15 06:50
1534334407,30,32,08-15 07:00
1534335007,28,30,08-15 07:10
1534335607,27,29,08-15 07:20
1534336207,31,33,08-15 07:30
1534336807,30,32,08-15 07:40
1534337407,30,32,08-15 07:50
1534338007,28,30,08-15 08:00
1534338607,26,28,08-15 08:10
1534339207,27,29,08-15 08:20
1534339807,31,33,08-15 08:30
1534340407,31,33,08-15 08:40
1534341007,32,34,08-15 08:50
1534341607,29,31,08-15 09:00
1534342207,25,27,08-15 09:10
1534342807,27,29,08-15 09:20
1534343407,24,25,08-15 09:30
1534344007,26,28,08-15 09:40
1534344607,22,23,08-15 09:50
1534345207,20,21,08-15 10:00
1534345807,21,22,08-15 10:10
1534346407,22,23,08-15 10:20
1534347007,16,16,08-15 10:30
1534347607,16,16,08-15 10:40
1534348207,23,24,08-15 10:50
1534348807,23,24,08-15 11:00
1534349407,24,26,08-15 11:10
1534350007,26,28,08-15 11:20
1534350607,22,23,08-15 11:30
1534351207,26,28,08-15 11:40
1534351807,32,34,08-15 11:50
1534352407,22,23,08-15 12:00
1534353007,26,28,08-15 12:10
1534354207,24,26,08-15 12:30
1534354807,22,23,08-15 12:40
1534355407,25,27,08-15 12:50
1534356007,26,28,08-15 13:00
1534356607,25,27,08-15 13:10
1534357207,24,25,08-15 13:20
1534357807,26,28,08-15 13:30
1534358407,21,22,08-15 13:40
1534359007,25,27,08-15 13:50
1534359607,22,23,08-15 14:00
1534360207,24,25,08-15 14:10
1534360807,22,23,08-15 14:20
1534361407,24,25,08-15 14:30
1534362007,27,29,08-15 14:40
1534362607,26,28,08-15 14:50
1534363207,27,29,08-15 15:00
1534363807,22,23,08-15 15:10
1534364407,28,30,08-15 15:20
1534365007,26,28,08-15 15:30
1534365607,30,32,08-15 15:40
1534366207,28,30,08-15 15:50
1534367407,26,28,08-15 16:10
1534368007,28,30,08-15 16:20
1534368607,26,28,08-15 16:30
1534369207,24,25,08-15 16:40
1534369807,22,23,08-15 16:50
1534370407,25,27,08-15 17:00
1534371007,23,24,08-15 17:10
1534371607,21,22,08-15 17:20
1534372207,21,22,08-15 17:30
1534372807,25,27,08-15 17:40
1534373407,23,24,08-15 17:50
1534374007,24,26,08-15 18:00
1534374607,24,26,08-15 18:10
1534375807,23,24,08-15 18:30
1534376407,23,24,08-15 18:40
1534377007,29,31,08-15 18:50
1534378207,24,25,08-15 19:10
1534378807,18,19,08-15 19:20
1534379407,17,18,08-15 19:30
1534380007,16,17,08-15 19:40
1534380607,17,18,08-15 19:50
1534381207,21,22,08-15 20:00
1534381807,14,15,08-15 20:10
1534382407,18,19,08-15 20:20
1534383007,15,16,08-15 20:30
1534383607,15,16,08-15 20:40
1534384207,13,14,08-15 20:50
1534384807,8,9,08-15 21:00
1534385407,8,9,08-15 21:10
1534386007,9,10,08-15 21:20
1534386607,8,9,08-15 21:30
1534387207,8,9,08-15 21:40
1534387807,12,13,08-15 21:50
1534388407,11,12,08-15 22:00
1534389007,14,15,08-15 22:10
1534389607,12,13,08-15 22:20
1534390207,14,15,08-15 22:30
1534390807,14,15,08-15 22:40
1534391407,11,12,08-15 22:50
1534392007,11,12,08-15 23:00
1534392607,17,18,08-15 23:10
1534393207,13,14,08-15 23:20
1534393807,12,13,08-15 23:30
1534394407,12,13,08-15 23:40
1534395007,13,14,08-15 23:50
1534396207,20,21,08-16 00:10
1534396807,14,15,08-16 00:20
1534397407,14,15,08-16 00:30
1534398007,13,14,08-16 00:40
1534398607,14,15,08-16 00:50
1534399207,17,18,08-16 01:00
1534399807,15,16,08-16 01:10
1534400407,16,17,08-16 01:20
1534401007,21,22,08-16 01:30
1534401607,23,24,08-16 01:40
1534402207,18,19,08-16 01:50
1534402807,16,17,08-16 02:00
1534403407,21,22,08-16 02:10
1534404007,20,21,08-16 02:20
1534404607,19,20,08-16 02:30
1534405207,17,18,08-16 02:40
1534405807,22,23,08-16 02:50
1534406407,17,18,08-16 03:00
1534407007,18,19,08-16 03:10
1534407607,18,19,08-16 03:20
1534408207,21,22,08-16 03:30
1534408807,19,20,08-16 03:40
1534409407,17,18,08-16 03:50
1534410007,18,19,08-16 04:00
1534410607,19,20,08-16 04:10
1534411207,20,21,08-16 04:20
1534411807,20,21,08-16 04:30
1534412407,16,17,08-16 04:40
1534413007,19,20,08-16 04:50
1534413607,19,20,08-16 05:00
1534414207,20,21,08-16 05:10
1534414807,17,18,08-16 05:20
1534415407,18,19,08-16 05:30
1534416007,23,24,08-16 05:40
1534416607,17,18,08-16 05:50
1534417207,22,23,08-16 06:00
1534417807,23,24,08-16 06:10
1534418407,19,20,08-16 06:20
1534419007,23,24,08-16 06:30
1534419607,21,22,08-16 06:40
1534420207,26,28,08-16 06:50
1534420807,23,24,08-16 07:00
1534421407,23,24,08-16 07:10
1534422007,20,21,08-16 07:20
1534422607,21,22,08-16 07:30
1534423207,23,24,08-16 07:40
1534423807,24,25,08-16 07:50
1534424407,27,29,08-16 08:00
1534425007,22,23,08-16 08:10
1534426207,22,23,08-16 08:30
1534426807,23,24,08-16 08:40
1534427407,23,24,08-16 08:50
1534428007,20,21,08-16 09:00
1534428607,16,17,08-16 09:10
1534429207,17,18,08-16 09:20
1534429807,14,15,08-16 09:30
1534430407,14,15,08-16 09:40
1534431007,13,14,08-16 09:50
1534431607,14,15,08-16 10:00
1534432207,14,15,08-16 10:10
1534432807,16,17,08-16 10:20
1534433407,12,13,08-16 10:30
1534434007,11,12,08-16 10:40
1534434607,13,14,08-16 10:50
1534435207,13,14,08-16 11:00
1534435807,10,11,08-16 11:10
1534436407,19,20,08-16 11:20
1534437007,11,12,08-16 11:30
1534437607,14,15,08-16 11:40
1534438207,12,13,08-16 11:50
1534438807,19,20,08-16 12:00
1534439407,12,13,08-16 12:10
1534440007,14,15,08-16 12:20
1534440607,15,16,08-16 12:30
1534441207,12,13,08-16 12:40
1534441807,13,14,08-16 12:50
1534443007,10,11,08-16 13:10
1534443607,13,14,08-16 13:20
1534444207,13,14,08-16 13:30
1534444807,13,14,08-16 13:40
1534445407,14,15,08-16 13:50
1534446007,11,12,08-16 14:00
1534446607,11,12,08-16 14:10
1534447207,10,11,08-16 14:20
1534447807,10,11,08-16 14:30
1534448407,11,12,08-16 14:40
1534449007,11,12,08-16 14:50
1534449607,9,10,08-16 15:00
1534450207,9,10,08-16 15:10
1534450807,12,13,08-16 15:20
1534451407,10,11,08-16 15:30
1534452007,8,9,08-16 15:40
1534452607,12,13,08-16 15:50
1534453207,10,11,08-16 16:00
1534453807,8,9,08-16 16:10
1534454407,9,10,08-16 16:20
1534455007,7,8,08-16 16:30
1534455607,7,8,08-16 16:40
1534456207,8,9,08-16 16:50
1534456807,8,9,08-16 17:00
1534457407,8,9,08-16 17:10
1534458007,6,7,08-16 17:20
1534458607,8,9,08-16 17:30
1534459207,9,10,08-16 17:40
1534459807,8,9,08-16 17:50
1534460407,8,9,08-16 18:00
1534461007,11,12,08-16 18:10
1534462207,9,10,08-16 18:30
1534462807,13,14,08-16 18:40
1534463407,11,12,08-16 18:50
1534464007,9,10,08-16 19:00
1534464607,12,13,08-16 19:10
1534465207,16,17,08-16 19:20
1534465807,13,14,08-16 19:30
1534467007,9,10,08-16 19:50
1534467607,11,12,08-16 20:00
1534468207,14,15,08-16 20:10
1534468807,10,11,08-16 20:20
1534469407,11,12,08-16 20:30
1534470007,9,10,08-16 20:40
1534471207,9,10,08-16 21:00
1534471807,10,11,08-16 21:10
1534472407,12,13,08-16 21:20
1534473007,11,12,08-16 21:30
1534473607,12,13,08-16 21:40
1534474207,8,9,08-16 21:50
1534474807,11,12,08-16 22:00
1534475407,11,12,08-16 22:10
1534476007,9,10,08-16 22:20
1534476607,9,10,08-16 22:30
1534477207,11,12,08-16 22:40
1534477807,12,13,08-16 22:50
1534478407,9,10,08-16 23:00
1534479007,9,10,08-16 23:10
1534479607,10,11,08-16 23:20
1534480207,12,13,08-16 23:30
1534480807,9,10,08-16 23:40
1534481407,17,18,08-16 23:50
1534482007,15,16,08-17 00:00
1534482607,8,9,08-17 00:10
1534483207,6,7,08-17 00:20
1534483807,6,7,08-17 00:30
1534484407,4,5,08-17 00:40
1534485007,4,5,08-17 00:50
1534485607,5,6,08-17 01:00
1534486207,5,6,08-17 01:10
1534486807,5,6,08-17 01:20
1534487407,7,8,08-17 01:30
1534488007,6,7,08-17 01:40
1534488607,9,10,08-17 01:50
1534489207,6,7,08-17 02:00
1534489807,7,8,08-17 02:10
1534490407,3,4,08-17 02:20
1534491007,4,5,08-17 02:30
1534491607,7,8,08-17 02:40
1534492207,4,5,08-17 02:50
1534493407,6,7,08-17 03:10
1534494007,5,6,08-17 03:20
1534494607,5,6,08-17 03:30
1534495207,5,6,08-17 03:40
1534495807,5,6,08-17 03:50
1534496407,6,7,08-17 04:00
1534497007,7,8,08-17 04:10
1534497607,6,7,08-17 04:20
1534498207,6,7,08-17 04:30
1534498807,6,7,08-17 04:40
1534499407,7,8,08-17 04:50
1534500007,10,11,08-17 05:00
1534500607,9,10,08-17 05:10
1534501207,10,11,08-17 05:20
1534501807,9,10,08-17 05:30
1534502407,8,9,08-17 05:40
1534503607,13,14,08-17 06:00
1534504207,17,18,08-17 06:10
1534504807,20,21,08-17 06:20
1534505407,19,20,08-17 06:30
1534506007,16,17,08-17 06:40
1534506607,14,15,08-17 06:50
1534507207,18,19,08-17 07:00
1534507807,23,24,08-17 07:10
1534508407,25,27,08-17 07:20
1534509007,26,28,08-17 07:30
1534510207,35,37,08-17 07:50
1534510807,45,47,08-17 08:00
1534511407,42,44,08-17 08:10
1534512007,44,46,08-17 08:20
1534512607,38,40,08-17 08:30
1534513207,40,42,08-17 08:40
1534513807,37,39,08-17 08:50
1534514407,34,36,08-17 09:00
1534515007,39,41,08-17 09:10
1534515607,39,41,08-17 09:20
1534516207,32,34,08-17 09:30
1534516807,31,33,08-17 09:40
1534517407,26,28,08-17 09:50
1534518007,28,30,08-17 10:00
1534518607,19,20,08-17 10:10
1534519207,14,15,08-17 10:20
1534519807,14,15,08-17 10:30
1534520407,11,12,08-17 10:40
1534521007,6,7,08-17 10:50
1534521607,6,7,08-17 11:00
1534522207,7,8,08-17 11:10
1534522807,5,6,08-17 11:20
1534523407,6,7,08-17 11:30
1534524007,7,8,08-17 11:40
1534524607,7,8,08-17 11:50
1534525207,7,8,08-17 12:00
1534525807,6,7,08-17 12:10
1534526407,6,7,08-17 12:20
1534527007,7,8,08-17 12:30
1534527607,7,8,08-17 12:40
1534528207,6,7,08-17 12:50
1534528807,8,9,08-17 13:00
1534529407,11,12,08-17 13:10
1534530007,6,7,08-17 13:20
1534530607,5,6,08-17 13:30
1534531207,5,6,08-17 13:40
1534531807,4,5,08-17 13:50
1534532407,5,6,08-17 14:00
1534533007,4,5,08-17 14:10
1534533607,4,5,08-17 14:20
1534534207,4,5,08-17 14:30
1534534807,4,5,08-17 14:40
1534535407,4,5,08-17 14:50
1534536007,5,6,08-17 15:00
1534536607,4,5,08-17 15:10
1534537207,5,6,08-17 15:20
1534537807,4,5,08-17 15:30
1534538407,5,6,08-17 15:40
1534539007,6,7,08-17 15:50
1534539607,5,6,08-17 16:00
1534540207,6,7,08-17 16:10
1534540807,2,2,08-17 16:20
1534541407,7,8,08-17 16:30
1534542007,7,8,08-17 16:40
1534542607,6,7,08-17 16:50
1534543207,6,7,08-17 17:00
1534543807,5,6,08-17 17:10
1534544407,5,6,08-17 17:20
1534545007,5,6,08-17 17:30
1534545607,6,7,08-17 17:40
1534546207,5,6,08-17 17:50
1534546807,6,7,08-17 18:00
1534547407,6,7,08-17 18:10
1534548007,7,8,08-17 18:20
1534548607,8,9,08-17 18:30
1534549207,6,7,08-17 18:40
1534549807,7,8,08-17 18:50
1534550407,7,8,08-17 19:00
1534551007,7,8,08-17 19:10
1534551607,10,11,08-17 19:20
1534552207,4,5,08-17 19:30
1534552807,8,9,08-17 19:40
1534553407,7,8,08-17 19:50
1534554007,7,8,08-17 20:00
1534554607,8,9,08-17 20:10
1534555207,15,16,08-17 20:20
1534555807,21,22,08-17 20:30
1534556407,20,21,08-17 20:40
1534557007,20,21,08-17 20:50
1534558207,23,24,08-17 21:10
1534558807,24,25,08-17 21:20
1534559407,27,29,08-17 21:30
1534560007,22,23,08-17 21:40
1534560607,28,30,08-17 21:50
1534561207,25,27,08-17 22:00
1534561807,27,29,08-17 22:10
1534562407,16,16,08-17 22:20
1534563007,24,26,08-17 22:30
1534563607,24,25,08-17 22:40
1534564207,24,26,08-17 22:50
1534564807,22,23,08-17 23:00
1534565407,24,25,08-17 23:10
1534566007,24,25,08-17 23:20
1534566607,26,28,08-17 23:30
1534567207,24,25,08-17 23:40
1534567807,25,27,08-17 23:50
1534568407,29,31,08-18 00:00
1534569007,29,31,08-18 00:10
1534569607,26,28,08-18 00:20
1534570207,27,29,08-18 00:30
1534570807,28,30,08-18 00:40
1534571407,30,32,08-18 00:50
1534572007,27,29,08-18 01:00
1534572607,35,37,08-18 01:10
1534573207,32,34,08-18 01:20
1534573807,34,36,08-18 01:30
1534574407,35,37,08-18 01:40
1534575007,38,40,08-18 01:50
1534575607,37,39,08-18 02:00
1534576207,38,40,08-18 02:10
1534576807,39,41,08-18 02:20
1534577407,41,43,08-18 02:30
1534578007,40,42,08-18 02:40
1534579207,44,46,08-18 03:00
1534579807,47,49,08-18 03:10
1534580407,45,47,08-18 03:20
1534581007,46,48,08-18 03:30
1534581607,48,50,08-18 03:40
1534582207,44,46,08-18 03:50
1534582807,48,50,08-18 04:00
1534583407,49,51,08-18 04:10
1534584007,52,54,08-18 04:20
1534584607,52,54,08-18 04:30
1534585207,51,53,08-18 04:40
1534585807,54,56,08-18 04:50
1534588807,48,49,08-18 05:40
1534593007,50,52,08-18 06:50
1534593607,55,57,08-18 07:00
1534594207,50,52,08-18 07:10
1534594807,45,47,08-18 07:20
1534595407,37,39,08-18 07:30
1534596007,36,38,08-18 07:40
1534596607,27,29,08-18 07:50
1534597207,37,39,08-18 08:00
1534597807,26,28,08-18 08:10
1534598407,18,19,08-18 08:20
1534599007,18,19,08-18 08:30
1534599607,16,17,08-18 08:40
1534600207,12,13,08-18 08:50
1534600807,12,13,08-18 09:00
1534601407,14,15,08-18 09:10
1534602607,14,15,08-18 09:30
1534603207,13,14,08-18 09:40
1534603807,14,15,08-18 09:50
1534604407,13,14,08-18 10:00
1534605007,15,16,08-18 10:10
1534605607,13,14,08-18 10:20
1534606207,15,16,08-18 10:30
1534606807,15,16,08-18 10:40
1534607407,12,13,08-18 10:50
1534608007,15,16,08-18 11:00
1534608607,16,17,08-18 11:10
1534609207,15,16,08-18 11:20
1534609807,14,15,08-18 11:30
1534610407,17,18,08-18 11:40
1534611007,16,17,08-18 11:50
1534611607,15,16,08-18 12:00
1534612207,17,18,08-18 12:10
1534612807,15,16,08-18 12:20
1534613407,14,15,08-18 12:30
1534614007,14,15,08-18 12:40
1534614607,15,16,08-18 12:50
1534615207,16,17,08-18 13:00
1534615807,16,17,08-18 13:10
1534616407,17,18,08-18 13:20
1534617007,16,17,08-18 13:30
1534617607,18,19,08-18 13:40
1534618207,17,18,08-18 13:50
1534618807,18,19,08-18 14:00
1534619407,19,20,08-18 14:10
1534620007,16,17,08-18 14:20
1534620607,16,17,08-18 14:30
1534621207,19,20,08-18 14:40
1534621807,17,18,08-18 14:50
1534622407,20,21,08-18 15:00
1534623007,17,18,08-18 15:10
1534623607,17,18,08-18 15:20
1534624207,18,19,08-18 15:30
1534624807,18,19,08-18 15:40
1534625407,18,19,08-18 15:50
1534626007,23,24,08-18 16:00
1534626607,18,19,08-18 16:10
1534627207,19,20,08-18 16:20
1534627807,18,19,08-18 16:30
1534628407,19,20,08-18 16:40
1534629007,18,19,08-18 16:50
1534629607,18,19,08-18 17:00
1534630207,21,22,08-18 17:10
1534630807,20,21,08-18 17:20
1534631407,12,13,08-18 17:30
1534632007,20,21,08-18 17:40
1534632607,21,22,08-18 17:50
1534633207,20,21,08-18 18:00
1534633807,20,21,08-18 18:10
1534634407,20,21,08-18 18:20
1534635007,20,21,08-18 18:30
1534635607,20,21,08-18 18:40
1534636207,22,23,08-18 18:50
1534636807,20,21,08-18 19:00
1534637407,20,21,08-18 19:10
1534638007,23,24,08-18 19:20
1534638607,19,20,08-18 19:30
1534639207,22,23,08-18 19:40
1534639807,21,22,08-18 19:50
1534640407,21,22,08-18 20:00
1534641007,21,22,08-18 20:10
1534641607,20,21,08-18 20:20
1534642207,21,22,08-18 20:30
1534642807,21,22,08-18 20:40
1534643407,24,25,08-18 20:50
1534644007,23,24,08-18 21:00
1534644607,24,25,08-18 21:10
1534645207,23,24,08-18 21:20
1534645807,24,25,08-18 21:30
1534646407,27,29,08-18 21:40
1534647007,24,25,08-18 21:50
1534647607,27,29,08-18 22:00
1534648207,28,30,08-18 22:10
1534648807,27,29,08-18 22:20
1534649407,29,31,08-18 22:30
1534650007,27,29,08-18 22:40
1534650607,28,30,08-18 22:50
1534651207,28,30,08-18 23:00
1534651807,25,27,08-18 23:10
1534652407,27,29,08-18 23:20
1534653007,27,29,08-18 23:30
1534653607,29,31,08-18 23:40
1534654207,29,31,08-18 23:50
1534654807,30,32,08-19 00:00
1534655407,30,32,08-19 00:10
1534656007,29,31,08-19 00:20
1534656607,31,33,08-19 00:30
1534657207,31,33,08-19 00:40
1534657807,36,38,08-19 00:50
1534658407,31,33,08-19 01:00
1534659007,37,39,08-19 01:10
1534659607,34,36,08-19 01:20
1534660207,35,37,08-19 01:30
1534660807,37,39,08-19 01:40
1534661407,36,38,08-19 01:50
1534662607,33,35,08-19 02:10
1534663207,34,36,08-19 02:20
1534663807,38,40,08-19 02:30
1534664407,39,41,08-19 02:40
1534665007,37,39,08-19 02:50
1534665607,41,43,08-19 03:00
1534666207,42,44,08-19 03:10
1534666807,42,44,08-19 03:20
1534667407,38,40,08-19 03:30
1534668607,38,40,08-19 03:50
1534669207,38,40,08-19 04:00
1534669807,40,42,08-19 04:10
1534670407,42,44,08-19 04:20
1534671007,36,38,08-19 04:30
1534671607,36,38,08-19 04:40
1534672207,34,36,08-19 04:50
1534672807,37,39,08-19 05:00
1534673407,34,36,08-19 05:10
1534674007,36,38,08-19 05:20
1534674607,45,47,08-19 05:30
1534675207,43,45,08-19 05:40
1534675807,38,40,08-19 05:50
1534676407,34,36,08-19 06:00
1534677007,39,41,08-19 06:10
1534677607,46,48,08-19 06:20
1534678207,39,41,08-19 06:30
1534678807,40,42,08-19 06:40
1534679407,41,43,08-19 06:50
1534680007,37,39,08-19 07:00
1534680607,42,44,08-19 07:10
1534681207,39,41,08-19 07:20
1534681807,36,38,08-19 07:30
1534682407,35,37,08-19 07:40
1534683007,36,38,08-19 07:50
1534683607,32,34,08-19 08:00
1534684207,31,33,08-19 08:10
1534684807,29,31,08-19 08:20
1534686007,22,23,08-19 08:40
1534686607,22,23,08-19 08:50
1534687207,24,25,08-19 09:00
1534687807,28,30,08-19 09:10
1534688407,23,24,08-19 09:20
1534689007,24,25,08-19 09:30
1534689607,25,27,08-19 09:40
1534690207,26,28,08-19 09:50
1534690807,25,27,08-19 10:00
1534691407,25,27,08-19 10:10
1534692007,25,27,08-19 10:20
1534693207,29,31,08-19 10:40
1534693807,31,33,08-19 10:50
1534694407,28,30,08-19 11:00
1534695007,26,28,08-19 11:10
1534695607,27,29,08-19 11:20
1534696207,26,28,08-19 11:30
1534696807,25,27,08-19 11:40
1534697407,25,27,08-19 11:50
1534698007,26,28,08-19 12:00
1534698607,27,29,08-19 12:10
1534699207,28,30,08-19 12:20
1534699807,27,29,08-19 12:30
1534700407,26,28,08-19 12:40
1534701007,28,30,08-19 12:50
1534701607,23,24,08-19 13:00
1534702207,30,32,08-19 13:10
1534702807,27,29,08-19 13:20
1534703407,31,33,08-19 13:30
1534704007,28,30,08-19 13:40
1534704607,31,33,08-19 13:50
1534705207,27,29,08-19 14:00
1534705807,27,29,08-19 14:10
1534706407,27,29,08-19 14:20
1534707007,24,25,08-19 14:30
1534708207,28,30,08-19 14:50
1534708807,26,28,08-19 15:00
1534709407,26,28,08-19 15:10
1534710007,24,25,08-19 15:20
1534710607,28,30,08-19 15:30
1534711207,26,28,08-19 15:40
1534711807,26,28,08-19 15:50
1534712407,26,28,08-19 16:00
1534713007,27,29,08-19 16:10
1534713607,26,28,08-19 16:20
1534714207,25,27,08-19 16:30
1534714807,26,28,08-19 16:40
1534715407,26,28,08-19 16:50
1534716007,24,25,08-19 17:00
1534716607,26,28,08-19 17:10
1534717207,27,29,08-19 17:20
1534717807,26,28,08-19 17:30
1534718407,25,27,08-19 17:40
1534719007,26,28,08-19 17:50
1534719607,28,30,08-19 18:00
1534720207,29,31,08-19 18:10
1534720807,30,32,08-19 18:20
1534721407,31,33,08-19 18:30
1534722007,26,28,08-19 18:40
1534722607,28,30,08-19 18:50
1534723207,29,31,08-19 19:00
1534723807,27,29,08-19 19:10
1534724407,30,32,08-19 19:20
1534725007,27,29,08-19 19:30
1534725607,29,31,08-19 19:40
1534726207,29,31,08-19 19:50
1534726807,26,28,08-19 20:00
1534727407,27,29,08-19 20:10
1534728007,29,31,08-19 20:20
1534728607,27,29,08-19 20:30
1534729207,27,29,08-19 20:40
1534730407,29,31,08-19 21:00
1534731007,28,30,08-19 21:10
1534731607,28,30,08-19 21:20
1534732207,26,28,08-19 21:30
1534732807,29,31,08-19 21:40
1534733407,32,34,08-19 21:50
1534734007,31,33,08-19 22:00
1534735207,28,30,08-19 22:20
1534735807,29,31,08-19 22:30
1534736407,30,32,08-19 22:40
1534737007,32,34,08-19 22:50
1534737607,20,22,08-19 23:00
1534738807,31,33,08-19 23:20
1534739407,28,30,08-19 23:30
1534740007,26,28,08-19 23:40
1534740607,18,20,08-19 23:50
1534741207,30,32,08-20 00:00
1534741807,29,31,08-20 00:10
1534742407,31,33,08-20 00:20
1534743007,29,31,08-20 00:30
1534743607,28,30,08-20 00:40
1534744207,29,31,08-20 00:50
1534744807,30,32,08-20 01:00
1534746007,29,31,08-20 01:20
1534746607,28,30,08-20 01:30
1534747207,28,30,08-20 01:40
1534747807,19,20,08-20 01:50
1534748407,29,31,08-20 02:00
1534749007,27,29,08-20 02:10
1534749607,29,31,08-20 02:20
1534750207,25,27,08-20 02:30
1534751407,24,25,08-20 02:50
1534752007,24,26,08-20 03:00
1534752607,25,27,08-20 03:10
1534753207,25,27,08-20 03:20
1534753807,23,24,08-20 03:30
1534754407,26,28,08-20 03:40
1534755007,27,29,08-20 03:50
1534755607,26,28,08-20 04:00
1534756207,23,24,08-20 04:10
1534756807,23,24,08-20 04:20
1534757407,24,25,08-20 04:30
1534758007,25,27,08-20 04:40
1534758607,23,24,08-20 04:50
1534759807,21,22,08-20 05:10
1534760407,22,23,08-20 05:20
1534761007,23,24,08-20 05:30
1534761607,22,23,08-20 05:40
1534762207,25,27,08-20 05:50
1534762807,24,25,08-20 06:00
1534763407,23,24,08-20 06:10
1534764007,25,27,08-20 06:20
1534764607,23,24,08-20 06:30
1534765207,23,24,08-20 06:40
1534765807,22,23,08-20 06:50
1534766407,23,24,08-20 07:00
1534767007,25,27,08-20 07:10
1534767607,25,27,08-20 07:20
1534768207,25,27,08-20 07:30
1534768807,25,27,08-20 07:40
1534769407,24,25,08-20 07:50
1534770007,25,27,08-20 08:00
1534770607,24,25,08-20 08:10
1534771207,25,27,08-20 08:20
1534771807,25,27,08-20 08:30
1534772407,23,24,08-20 08:40
1534773007,23,24,08-20 08:50
1534773607,25,27,08-20 09:00
1534774207,25,27,08-20 09:10
1534774807,26,28,08-20 09:20
1534775407,26,28,08-20 09:30
1534776007,25,27,08-20 09:40
1534776607,24,25,08-20 09:50
1534777207,23,24,08-20 10:00
1534777807,25,27,08-20 10:10
1534778407,26,28,08-20 10:20
1534779007,22,23,08-20 10:30
1534779607,24,25,08-20 10:40
1534780207,24,26,08-20 10:50
1534780807,22,23,08-20 11:00
1534781407,28,30,08-20 11:10
1534782007,24,25,08-20 11:20
1534782607,24,25,08-20 11:30
1534783207,23,24,08-20 11:40
1534783807,22,23,08-20 11:50
1534784407,23,24,08-20 12:00
1534785007,26,28,08-20 12:10
1534785607,23,24,08-20 12:20
1534786207,24,26,08-20 12:30
1534786807,28,30,08-20 12:40
1534787407,28,30,08-20 12:50
1534788007,30,32,08-20 13:00
1534788607,30,32,08-20 13:10
1534789207,29,31,08-20 13:20
1534789807,28,30,08-20 13:30
1534790407,29,31,08-20 13:40
1534791007,28,30,08-20 13:50
1534791607,27,29,08-20 14:00
1534792207,28,30,08-20 14:10
1534792807,27,29,08-20 14:20
1534793407,26,28,08-20 14:30
1534794007,28,30,08-20 14:40
1534794607,26,28,08-20 14:50
1534795207,29,31,08-20 15:00
1534795807,27,29,08-20 15:10
1534796407,28,30,08-20 15:20
1534797007,30,32,08-20 15:30
1534797607,31,33,08-20 15:40
1534798207,19,20,08-20 15:50
1534798807,29,31,08-20 16:00
1534799407,30,32,08-20 16:10
1534800007,34,36,08-20 16:20
1534800607,31,33,08-20 16:30
1534801207,37,39,08-20 16:40
1534801807,37,39,08-20 16:50
1534802407,32,34,08-20 17:00
1534803007,32,34,08-20 17:10
1534803607,33,35,08-20 17:20
1534804207,31,33,08-20 17:30
1534804807,32,34,08-20 17:40
1534805407,36,38,08-20 17:50
1534806007,40,42,08-20 18:00
1534806607,39,41,08-20 18:10
1534807207,36,38,08-20 18:20
1534807807,39,41,08-20 18:30
1534808407,38,40,08-20 18:40
1534809007,33,35,08-20 18:50
1534809607,35,37,08-20 19:00
1534810207,34,36,08-20 19:10
1534810807,32,34,08-20 19:20
1534811407,32,34,08-20 19:30
1534812007,32,34,08-20 19:40
1534812607,32,34,08-20 19:50
1534813207,31,33,08-20 20:00
1534813807,31,33,08-20 20:10
1534814407,32,34,08-20 20:20
1534815007,31,33,08-20 20:30
1534815607,33,35,08-20 20:40
1534816207,34,36,08-20 20:50
1534816807,10,11,08-20 21:00
1534817407,13,14,08-20 21:10
1534818007,14,15,08-20 21:20
1534818607,14,15,08-20 21:30
1534819207,11,12,08-20 21:40
1534819807,15,16,08-20 21:50
1534820407,10,11,08-20 22:00
1534821007,11,12,08-20 22:10
1534821607,10,11,08-20 22:20
1534822207,11,12,08-20 22:30
1534822807,15,16,08-20 22:40
1534823407,13,14,08-20 22:50
1534824007,13,14,08-20 23:00
1534824607,11,12,08-20 23:10
1534825207,13,14,08-20 23:20
1534825807,16,17,08-20 23:30
1534826407,13,14,08-20 23:40
1534827007,16,17,08-20 23:50
1534827607,16,17,08-21 00:00
1534828207,17,18,08-21 00:10
1534828807,14,15,08-21 00:20
1534830007,20,21,08-21 00:40
1534830607,20,21,08-21 00:50
1534831207,27,29,08-21 01:00
1534831807,26,28,08-21 01:10
1534832407,30,32,08-21 01:20
1534833007,28,30,08-21 01:30
1534833607,32,34,08-21 01:40
1534834207,35,37,08-21 01:50
1534834807,30,32,08-21 02:00
1534835407,36,38,08-21 02:10
1534836007,39,41,08-21 02:20
1534836607,38,40,08-21 02:30
1534837207,44,46,08-21 02:40
1534837807,43,45,08-21 02:50
1534838407,53,55,08-21 03:00
1534839007,50,52,08-21 03:10
1534839607,52,54,08-21 03:20
1534847407,48,49,08-21 05:30
1534853407,42,44,08-21 07:10
1534854007,29,31,08-21 07:20
1534854607,32,34,08-21 07:30
1534855207,24,25,08-21 07:40
1534855807,24,25,08-21 07:50
1534856407,21,22,08-21 08:00
1534857007,17,18,08-21 08:10
1534857607,17,18,08-21 08:20
1534858207,16,17,08-21 08:30
1534858807,18,19,08-21 08:40
1534859407,15,16,08-21 08:50
1534860007,14,15,08-21 09:00
1534860607,12,13,08-21 09:10
1534861207,11,12,08-21 09:20
1534861807,13,14,08-21 09:30
1534862407,11,12,08-21 09:40
1534863007,19,20,08-21 09:50
1534863607,19,20,08-21 10:00
1534864207,23,24,08-21 10:10
1534864807,22,23,08-21 10:20
1534865407,35,37,08-21 10:30
1534866007,32,34,08-21 10:40
1534866607,27,29,08-21 10:50
1534867207,23,24,08-21 11:00
1534867807,31,33,08-21 11:10
1534868407,32,34,08-21 11:20
1534869007,32,34,08-21 11:30
1534869607,32,34,08-21 11:40
1534870207,34,36,08-21 11:50
1534870807,28,30,08-21 12:00
1534871407,30,32,08-21 12:10
1534872007,31,33,08-21 12:20
1534872607,28,30,08-21 12:30
1534873207,26,28,08-21 12:40
1534873807,27,29,08-21 12:50
1534874407,27,29,08-21 13:00
1534875007,21,22,08-21 13:10
1534875607,18,19,08-21 13:20
1534876207,19,20,08-21 13:30
